gate_x,gate_y
1.0,-1.7
0.29289321881345254,-0.9928932188134524
0.29289321881345254,0.007106781186547617
1.0,0.7142135623730953
0.9999999999999999,1.7142135623730952
