gate_x,gate_y
-1.0,-1.5
-1.0,-0.7
-0.42465867716842287,-0.04740336942150014
0.4186388189488832,0.05912987910815866
1.0747105836281534,0.6752222744439786
